Address in chicago,Latitude,Longitude
519-525 E 103rd St,41.707101,-87.610404
66 E 103rd St,41.707246,-87.621398
10622-10634 S Halsted St,41.700313,-87.643074
2812-2850 W 26th St,41.844918,-87.696989
11101 S Western Ave,41.691458,-87.680684
3125 W Cermak Rd,41.851593,-87.703682
11500 S Pulaski Rd,41.871285,-87.652761
4035-4047 W 115th St,41.683852,-87.727453
3701 W 26th St,41.844054,-87.717362
1852 S Blue Island Ave,41.856562,-87.662453
1727 W 21st St,41.854007,-87.669377
10648-10660 S Western Ave,41.699243,-87.681707
9917-9951 S Halsted St,41.71258,-87.642595
"8857 South State Street, Chicago, IL",41.738361,-87.630139
87-125 E 87th St,41.740833,-87.606667
100-275 W 87th St,41.740833,-87.606667
1534 S Western Ave,41.853333,-87.694745
1800 S Ashland Ave,41.849444,-87.665069
15-33 E 83rd St,41.733056,-87.620833
8560 S Cottage Grove Ave,41.739391,-87.60697
8240 S Stony Island Ave,41.744863,-87.586206
7114-7134 S Jeffery Blvd,41.765576,-87.57641
2633 E 79th St,41.751542,-87.560749
1461 S Blue Island Ave,41.862115,-87.65743
2600-2660 E 79th St,41.752003,-87.561188
1002 S Racine Ave,41.86941,-87.65682
1230 W Taylor St,41.869518,-87.658091
9233 S Commercial Ave,41.727626,-87.551987
1500 W Taylor St,41.869398,-87.664236
2001 E 95th St,41.722146,-87.574725
4000 W Roosevelt Rd,41.866328,-87.727215
2050 W Ogden Ave,41.871959,-87.677531
4050-4140 W 87th St,41.734936,-87.723464
1650 W Adams St,41.878987,-87.668622
8235-8259 S Kedzie Ave,41.743189,-87.701758
4039-4041 W Madison St,41.880303,-87.727132
2413 W 79th St,41.749959,-87.682985
6743-6753 S Western Ave,41.770313,-87.682816
304-316 N Pulaski St,41.885854,-87.726001
2413 W 79th St,41.749959,-87.682985
6232-6234 S Halsted St,41.7806364,-87.6451107
2130-2140 W Fulton St,41.8871725,-87.68047269
1600-1614 W 59th St,41.78790146,-87.66477754
924 W 19th Pl,41.8560933,-87.6484996
2150 S Canalport Ave,41.85358047,-87.6490097
5496 S Hyde Park Blvd,41.7954142,-87.5844135
4800 S Cottage Grove Ave,41.80759,-87.606633
1252-1322 S Halsted St,41.86623995,-87.64680595
5207 S Harper Ave,41.8007844,-87.5889935
622 W Roosevelt Rd,41.8674716,-87.6431725
4720 S Cottage Grove Ave,41.8092729,-87.6066683
4500-4700 S Damen Ave,41.81126666,-87.67612177
4308 S Calumet Ave,41.8162154,-87.6185736
542-566 W Roosevelt Rd,41.8678751,-87.64094184
70-72 E Pershing Rd,41.82445286,-87.6237495
1220 W Jackson Blvd,41.8779681,-87.6580571
3244-3260 W 55th St,41.79391446,-87.70536877
2461 W Grand Ave,41.8910025,-87.6885478
3214 W 63rd St,41.7790507,-87.7034246
4818 S Pulaski Rd,41.8054335,-87.7238908
1725 W Chicago Ave,41.8958864,-87.6706971
4610-4646 S Kedzie Ave,41.8099321,-87.70460015
1517 W Carroll Ave,41.88734494,-87.66523745
901 W Jackson Blvd,41.87779796,-87.64996022
3900 S Western Ave,41.8229045,-87.68517009
1371 W Randolph St,41.88420089,-87.66102872
3700 S Iron St,41.82676718,-87.65963389
1147 S Wabash Ave,41.86792143,-87.62537732
2300 S Michigan Ave,41.85092601,-87.62418636
3622 S Morgan St,41.82801646,-87.65206732
626 W Jackson Blvd,41.87845279,-87.64340756
3633-3645 S State St,41.82954046,-87.62599009
1550 S Indiana Ave,41.86077469,-87.62294388
3357 S King Dr,41.83301749,-87.61593718
2001 S State St,41.85525482,-87.62668849
800 S Wells St,41.87171565,-87.6341384
100 E Cermak Rd,41.85311149,-87.62381165
1700 S Michigan Ave,41.8590725,-87.62448472
1301 S Wabash Ave,41.86573969,-87.62534189
733 S Dearborn St,41.87312372,-87.62883782
912-914 S Wabash Ave,41.87026938,-87.62615325
601 S LaSalle St,41.87436691,-87.63157996
3457 S Prairie Ave,41.83140375,-87.62017682
626 W Jackson Blvd,41.87835693,-87.64335392
1355 W Devon Ave,41.99817406,-87.66508181
6333 N Milwaukee Ave,41.99632452,-87.78629242
4747 W Peterson Ave,41.98982596,-87.74801482
7000-7014 N Clark St,42.01913016,-87.6789703
6606 N Sheridan Rd,42.00306321,-87.66122927
"6418 N Sheridan Rd, Chicago, IL 60626",41.9991225,-87.66079746
"1334 W Devon Ave, Chicago, IL 60660",41.99878596,-87.66449327
"5820 N Milwaukee Ave, Chicago, IL 60631",41.98724246,-87.77855833
"5427-5433 W Chicago Ave, Chicago, IL 60651",41.8948608,-87.76174866
"5675-5691 N Milwaukee Ave, Chicago, IL 60631",41.98532032,-87.77584245
"5518 W Chicago Ave, Chicago, IL 60651",41.89552743,-87.76469609
"526-5546 N Milwaukee Ave, Chicago, IL 60630",41.8920779,-87.64884188
"5466 N Milwaukee Ave, Chicago, IL 60630",41.98148793,-87.77303236
"5101 W Division St, Chicago, IL 60651",41.90238432,-87.75365723
"5251 N Milwaukee Ave, Chicago, IL 60630",41.97613096,-87.76770645
"4724-4736 N Kedzie Ave, Chicago, IL 60630",41.96767015,-87.70867126
"3220 W Grand Ave, Chicago, IL 60622",41.89936511,-87.70739338
"5911 N Clark St, Chicago, IL 60660",41.98915981,-87.66959296
"800 N Kedzie Ave, Chicago, IL 60612",41.89612839,-87.70735641
"5633-5653 N Ashland Ave, Chicago, IL 60630",41.98472937,-87.6695776
"2631 W Division St, Chicago, IL 60622",41.90292814,-87.69319897
"5753 Broadway, Chicago, IL 60640",41.98726668,-87.6596327
"2743 W Division St, Chicago, IL 60622",41.90306833,-87.69607356
"2127 W Division St, Chicago, IL 60622",41.9031512,-87.68074843
"5411 N Broadway, Chicago, IL 60640",41.98065944,-87.65953417
"2740 W North Ave, Chicago, IL 60647",41.9107145,-87.69622107
"5415 N Sheridan Rd, Chicago, IL 60640",41.98055469,-87.65436849
"3343 W Montrose Ave, Chicago, IL 60618",41.96126933,-87.71257204
"4183 W Irving Park Rd, Chicago, IL 60641",41.95358602,-87.73226419
"4019-4027 W Irving Park Rd, Chicago, IL 60641",41.95363918,-87.72880261
"3401-3417 W Irving Park Rd, Chicago, IL 60618",41.95407486,-87.7130031
"1057-1059 N Wolcott Ave, Chicago, IL 60622",41.90171764,-87.67461996
"5056-5062 N Sheridan Rd, Chicago, IL 60640",41.97536488,-87.65519448
"3152 W Irving Park Rd, Chicago, IL 60618",41.95446643,-87.70774605
"2000-2010 W Montrose Ave, Chicago, IL 60647",41.9619446,-87.67936331
"350 N Ogden Ave, Chicago, IL 60607",41.88873819,-87.66175755
"1040 W Argyle St, Chicago, IL 60640",41.97380083,-87.65641418
"1532 W Chicago Ave, Chicago, IL 60642",41.89682371,-87.66636756
"5050 N Broadway St, Chicago, IL 60640",41.97423772,-87.66031741
"160 N Elizabeth St, Chicago, IL 60607",41.88489152,-87.65907245
"1141 W Madison St, Chicago, IL 60607",41.88176977,-87.65596091
"1011-1023 N Ashland Ave, Chicago, IL 60622",41.90034911,-87.66712824
"1156 N Ashland Ave, Chicago, IL 60622",41.90339311,-87.66778155
"1223 N Milwaukee Ave, Chicago, IL 60622",41.90427263,-87.66713927
"4853-4883 N Broadway St, Chicago, IL 60640",41.9705339,-87.65878229
"1300 N Ashland Ave, Chicago, IL 60622",41.90555531,-87.66903042
"1209 N Milwaukee Ave, Chicago, IL 60622",41.90406524,-87.66667876
"1101-1115 W Lawrence Ave, Chicago, IL 60640",41.9692534,-87.65786232
"2500 W North Ave, Chicago, IL 60647",41.91093759,-87.68980713
"4753 N Broadway St, Chicago, IL 60640",41.96913706,-87.65911229
"1500-1520 N Damen Ave, Chicago, IL 60622",41.90902541,-87.67803782
"1440 N Milwaukee Ave, Chicago, IL 60622",41.90805694,-87.67412146
"4600 N Kenmore Ave, Chicago, IL 60640",41.96600041,-87.65661482
"2401-2409 W North Ave, Chicago, IL 60647",41.91039324,-87.68749792
"4520-4570 N Broadway St, Chicago, IL 60640",41.96463646,-87.65683059
"4400 N Clark St, Chicago, IL 60640",41.96199831,-87.66609102
"2537 W North Ave, Chicago, IL 60647",41.91010666,-87.69116253
"1215 N Milwaukee Ave, Chicago, IL 60622",41.90426188,-87.66680973
"4350 N Broadway St, Chicago, IL 60613",41.96174635,-87.6550349
"1800-1814 W Cuyler Ave, Chicago, IL 60642",41.95588287,-87.67459183
"3914 N Lincoln Ave, Chicago, IL 60613",41.95297806,-87.67807303
"1539 N Milwaukee Ave, Chicago, IL 60642",41.90994555,-87.67581403
"1403-1411 W Irving Park Rd, Chicago, IL 60642",41.95428329,-87.6645474
"4722 W Fullerton Ave, Chicago, IL 60639",41.92475872,-87.74491668
"1359 N Milwaukee Ave, Chicago, IL 60642",41.90775827,-87.67114798
"840 W Irving Park Rd, Chicago, IL 60613",41.95552135,-87.65133043
"4600-4648 W Diversey Ave, Chicago, IL 60641",41.93243316,-87.74217171
"5450 W Belmont Ave, Chicago, IL 60641",41.93923075,-87.76356503
"5649-5655 W Belmont Ave, Chicago, IL 60641",41.93901,-87.76858
"3555 N Harlem Ave, Chicago, IL 60634",41.945026,-87.8065577
"7545-7552 W Addison St, Chicago, IL 60634",41.9458292,-87.7716182
"3949-3959 N Broadway St, Chicago, IL 60613",41.9716436,-87.6597328
5116 W Irving Park Rd,41.9536257,-87.7554493
4842-4848 W Irving Park Rd,41.9533177,-87.7489149
1027 W Addison St,41.9470854,-87.6554708
4828 W Irving Park Rd,41.9533195,-87.748724
4053-4057 W Diversey Ave,41.9316843,-87.728548
3652 W Wrightwood Ave,41.9283963,-87.7192524
4000 W Diversey Ave,41.9327475,-87.7299873
3501 W Armitage Ave,41.9170923,-87.7136964
3215 W Armitage Ave,41.9171748,-87.7077375
2808-2820 W Armitage Ave,41.9178982,-87.6696798
1950 N Campbell Ave,41.9168468,-87.6899478
2118 N Milwaukee Ave,41.9195845,-87.6923983
2247 N Milwaukee Ave,41.92152,-87.6949209
2320 N Milwaukee Ave,41.923469,-87.6985458
2500 N Milwaukee Ave,41.9264278,-87.7032685
3207 W Diversey Ave,41.9317736,-87.7077642
2763 N Milwaukee Ave,41.9314331,-87.7110241
3355 N Southport Ave,41.9431694,-87.6636156
2800 N Milwaukee Ave,41.9321144,-87.7127287
2301 W Belmont Ave,41.9394,-87.685786
2274 N Milwaukee Ave,41.922717,-87.697231
2036 W Armitage Ave,41.9179572,-87.6791431
3170-3174 N Milwaukee Ave,41.938517,-87.723094
3057 N Rockwell St,41.9376325,-87.6912237
3140 N Clybourn Ave,41.938417,-87.687132
2545 W Diversey Ave,41.931637,-87.692102
2750 N Elston Ave,41.931347,-87.686756
2827-2847 N Clybourn Ave,41.933509,-87.67932
1224 W Belmont Ave,41.939956,-87.65997
3242 N Clark St,41.940734,-87.651451
210 N Aberdeen St,41.885693,-87.654598
939 W Fulton Market,41.886638,-87.651262
306 S Halsted St,41.877808,-87.647438
732 W Randolph St,41.884833,-87.647108
1044 W Fulton Market,41.886919,-87.653956
1015 W Grand Ave,41.891048,-87.652971
643 W Diversey Pky,41.932715,-87.64525
233 S Wacker Dr,41.878909,-87.635488
108 N State St,41.884117,-87.629109
906 W Belmont Ave,41.940122,-87.651857
180 N Wacker Dr,41.885021,-87.637253
2835 N Sheffield Ave,41.933746,-87.653739
2636 N Lincoln Ave,41.929691,-87.655092
515 N Halsted St,41.891706,-87.647167
837 N Milwaukee Ave,41.897215,-87.656621
1700 N Damen Ave,41.912423,-87.677644
1554 W North Ave,41.910891,-87.667379
1725 Webster,41.921458,-87.671898
1529 W Armitage Ave,41.917932,-87.666559
1355 W Concord Pl,41.911955,-87.662073
2750 N Elston Ave,41.931347,-87.686756
3057 N Rockwell St,41.936804,-87.692683
4183 W Irving Park Rd,41.953561,-87.732164
5203 Lawrence Ave,41.967637,-87.758697
